POSTED_SPEED_LIMIT,WEATHER_CONDITION,ROADWAY_SURFACE_COND,ROAD_DEFECT,CRASH_HOUR,speed,angle,fx1,fx2
0.03,0.04,0.01,0.97,0.24,0.195,0.26,0.2377375,0.296893
0.03,0.03,0.78,0.97,0.42,0.2054,0.27,0.3793465,0.41815216
0.07,0.09,0.15,0.97,0.26,0.185,0.22,0.2935875,0.316238
0.03,0.03,0.01,0.97,0.24,0.195,0.27,0.2374375,0.297057
0.8,0.04,0.01,0.03,0.26,0.185,0.27,0.6903875,0.182378
0.02,0.83,0.02,0.97,0.42,0.195,0.27,0.3733125,0.419478
0.8,0.83,0.02,0.03,0.24,0.2046,0.25,0.7951785,0.26818984
0.02,0.83,0.01,0.97,0.26,0.195,0.27,0.3434875,0.387777
0.07,0.01,0.78,0.97,0.08,0.195,0.25,0.3438625,0.348094
0.03,0.04,0.15,0.97,0.26,0.21,0.22,0.257275,0.314599
0.08,0.03,0.01,0.97,0.24,0.2046,0.22,0.2697785,0.29580984
0.8,0.83,0.78,0.03,0.42,0.195,0.26,0.9362875,0.384641
0.03,0.83,0.78,0.03,0.42,0.185,0.25,0.3574875,0.338938
0.03,0.83,0.78,0.03,0.24,0.185,0.26,0.3266125,0.305761
0.07,0.04,0.02,0.03,0.42,0.2046,0.22,0.1677785,0.17264784
0.03,0.09,0.02,0.03,0.24,0.21,0.22,0.112825,0.142793
0.07,0.03,0.04,0.97,0.42,0.195,0.27,0.3036625,0.336954
0.07,0.04,0.78,0.97,0.08,0.195,0.25,0.3479875,0.351373
0.08,0.83,0.15,0.03,0.42,0.2054,0.26,0.3067465,0.27897016
0.8,0.03,0.01,0.03,0.24,0.185,0.22,0.6800875,0.171174
0.03,0.83,0.78,0.03,0.08,0.2046,0.27,0.2997285,0.28112184
0.8,0.01,0.01,0.03,0.08,0.195,0.26,0.6534625,0.145812
0.8,0.03,0.01,0.03,0.26,0.185,0.27,0.6890125,0.181285
0.03,0.03,0.01,0.03,0.26,0.2046,0.26,0.1108785,0.14269784
0.8,0.03,0.02,0.97,0.08,0.195,0.27,0.7879625,0.309584
0.08,0.83,0.04,0.03,0.24,0.2054,0.27,0.2601965,0.23377016
0.07,0.01,0.02,0.97,0.42,0.21,0.25,0.29625,0.333674
0.07,0.04,0.02,0.03,0.08,0.2046,0.27,0.1128035,0.11389084
0.8,0.09,0.02,0.97,0.42,0.2054,0.26,0.8557215,0.38242716
0.8,0.04,0.15,0.97,0.26,0.185,0.25,0.8374375,0.354402
0.02,0.01,0.15,0.03,0.42,0.185,0.25,0.1474625,0.179907
0.03,0.83,0.01,0.03,0.24,0.195,0.27,0.2181875,0.225261
0.08,0.01,0.15,0.97,0.26,0.195,0.25,0.2935375,0.314215
0.08,0.83,0.02,0.03,0.26,0.2046,0.22,0.2555035,0.22893284
0.07,0.83,0.02,0.97,0.42,0.2046,0.22,0.4056535,0.41823084
0.07,0.04,0.78,0.97,0.08,0.21,0.22,0.3451,0.351208
0.08,0.03,0.04,0.03,0.08,0.185,0.25,0.1191875,0.108304
0.02,0.04,0.15,0.03,0.24,0.2046,0.27,0.1222285,0.15597784
0.02,0.03,0.04,0.97,0.08,0.185,0.26,0.2045125,0.265521
0.03,0.03,0.04,0.97,0.24,0.21,0.25,0.2399,0.301428
0.02,0.83,0.01,0.03,0.42,0.2054,0.27,0.2428715,0.26164916
0.02,0.09,0.78,0.03,0.24,0.2046,0.25,0.2167285,0.22778784
0.03,0.04,0.04,0.03,0.24,0.21,0.25,0.112025,0.143285
0.02,0.09,0.15,0.97,0.26,0.195,0.22,0.2563125,0.315912
0.03,0.83,0.04,0.97,0.26,0.195,0.22,0.3498875,0.385317
0.08,0.04,0.78,0.03,0.42,0.185,0.25,0.2863625,0.255321
0.07,0.04,0.01,0.03,0.08,0.2054,0.27,0.1113965,0.11299016
0.02,0.04,0.15,0.97,0.26,0.21,0.25,0.253,0.317824
0.02,0.04,0.04,0.97,0.08,0.195,0.26,0.2061125,0.269018
0.07,0.83,0.04,0.03,0.24,0.195,0.26,0.2513875,0.229467
0.07,0.01,0.01,0.03,0.42,0.2046,0.25,0.1654535,0.17204684
0.07,0.04,0.02,0.03,0.26,0.2046,0.22,0.1393785,0.14203984
0.07,0.01,0.15,0.03,0.42,0.21,0.22,0.1823,0.184876
0.03,0.04,0.02,0.97,0.26,0.21,0.22,0.23875,0.30039
0.02,0.04,0.78,0.03,0.42,0.185,0.27,0.2435125,0.254559
0.03,0.01,0.01,0.97,0.26,0.2046,0.25,0.2363035,0.29849084
0.08,0.03,0.01,0.97,0.42,0.2046,0.22,0.3017285,0.33024384
0.08,0.04,0.78,0.97,0.24,0.21,0.22,0.381,0.382362
0.03,0.09,0.15,0.03,0.26,0.2054,0.27,0.1401715,0.16600716
0.8,0.83,0.04,0.03,0.42,0.195,0.26,0.8308375,0.303759
0.8,0.01,0.01,0.97,0.26,0.2054,0.25,0.8138215,0.34072516
0.03,0.01,0.02,0.03,0.24,0.2046,0.27,0.1070785,0.13903584
0.8,0.01,0.78,0.03,0.24,0.2046,0.22,0.7875035,0.25786084
0.8,0.01,0.78,0.97,0.42,0.195,0.22,0.9484875,0.449223
0.8,0.83,0.01,0.97,0.42,0.185,0.27,0.9566625,0.458569
0.8,0.09,0.01,0.03,0.26,0.185,0.22,0.6918875,0.181558
0.8,0.83,0.04,0.03,0.26,0.195,0.26,0.8024375,0.273151
0.08,0.04,0.15,0.97,0.08,0.21,0.27,0.2682,0.28918
0.07,0.09,0.02,0.03,0.24,0.2054,0.22,0.1427215,0.14387116
0.02,0.83,0.15,0.03,0.24,0.2054,0.26,0.2297965,0.24126016
0.8,0.01,0.02,0.97,0.24,0.195,0.26,0.8125375,0.336749
0.8,0.03,0.78,0.03,0.24,0.2054,0.22,0.7902715,0.26023916
0.08,0.01,0.02,0.97,0.24,0.21,0.27,0.27395,0.3023
0.02,0.01,0.02,0.03,0.26,0.2054,0.25,0.1009965,0.13999416
0.08,0.83,0.15,0.03,0.42,0.2046,0.25,0.3056535,0.27752084
0.03,0.04,0.01,0.03,0.42,0.2054,0.27,0.1417465,0.17584816
0.07,0.04,0.02,0.97,0.42,0.2054,0.26,0.3013465,0.33710416
0.03,0.09,0.02,0.03,0.26,0.21,0.27,0.12175,0.152904
0.02,0.83,0.04,0.97,0.24,0.2046,0.27,0.3444285,0.38953784
0.03,0.09,0.15,0.97,0.24,0.195,0.25,0.2634875,0.316403
0.02,0.03,0.02,0.97,0.42,0.2054,0.22,0.2581715,0.32825316
0.8,0.01,0.78,0.97,0.08,0.2054,0.26,0.8926715,0.39170916
0.8,0.04,0.78,0.03,0.08,0.195,0.25,0.7662375,0.231995
0.07,0.09,0.78,0.97,0.08,0.2054,0.27,0.3572465,0.36185216
0.02,0.83,0.78,0.97,0.24,0.21,0.25,0.44785,0.469204
0.02,0.01,0.78,0.97,0.08,0.195,0.25,0.3063625,0.345364
0.02,0.03,0.02,0.97,0.42,0.2046,0.27,0.2635285,0.33434584
0.03,0.03,0.04,0.03,0.42,0.2046,0.22,0.1392535,0.17155684
0.07,0.83,0.78,0.03,0.24,0.185,0.26,0.3566125,0.307945
0.02,0.03,0.78,0.03,0.26,0.185,0.22,0.2083625,0.216573
0.07,0.83,0.04,0.03,0.42,0.195,0.25,0.2822625,0.262644
0.8,0.04,0.04,0.97,0.24,0.21,0.27,0.820925,0.347077
0.07,0.09,0.02,0.03,0.24,0.195,0.26,0.1467875,0.146399
0.02,0.09,0.01,0.97,0.42,0.185,0.26,0.2688375,0.333842
0.03,0.03,0.02,0.97,0.42,0.195,0.26,0.2697375,0.331327
0.03,0.83,0.04,0.03,0.42,0.195,0.26,0.2533375,0.261717
0.07,0.83,0.02,0.03,0.24,0.21,0.25,0.2478,0.22963
0.8,0.83,0.04,0.97,0.42,0.195,0.27,0.9611625,0.464252
0.02,0.01,0.15,0.97,0.08,0.21,0.25,0.216925,0.280111
0.03,0.01,0.04,0.03,0.08,0.195,0.25,0.0791625,0.105792
0.8,0.83,0.02,0.97,0.08,0.185,0.25,0.8955875,0.392106
0.02,0.04,0.78,0.97,0.08,0.2046,0.22,0.3074785,0.34717984
0.08,0.01,0.04,0.03,0.24,0.2054,0.26,0.1463715,0.14288716
0.03,0.09,0.01,0.03,0.24,0.2046,0.26,0.1155785,0.14542984
0.08,0.09,0.04,0.97,0.42,0.21,0.26,0.318675,0.346407
0.02,0.03,0.02,0.03,0.42,0.21,0.22,0.129025,0.170123
0.03,0.83,0.04,0.97,0.08,0.195,0.27,0.3233125,0.357168
0.8,0.01,0.78,0.97,0.24,0.185,0.25,0.9195375,0.416156
0.03,0.01,0.01,0.03,0.24,0.21,0.26,0.1047,0.137984
0.02,0.03,0.04,0.03,0.42,0.195,0.22,0.1315375,0.168703
0.03,0.04,0.02,0.97,0.26,0.2054,0.27,0.2440215,0.30556916
0.08,0.09,0.78,0.97,0.24,0.2046,0.25,0.3909785,0.39029984
0.8,0.01,0.02,0.97,0.08,0.195,0.25,0.7830625,0.304884
0.08,0.03,0.15,0.97,0.24,0.2054,0.25,0.2929715,0.31507516
0.08,0.09,0.02,0.03,0.26,0.195,0.26,0.1578375,0.150771
0.8,0.09,0.15,0.03,0.24,0.185,0.22,0.7082875,0.193034
0.07,0.03,0.02,0.97,0.08,0.185,0.22,0.2348625,0.261037
0.08,0.01,0.04,0.97,0.24,0.195,0.27,0.2764625,0.30088
0.08,0.03,0.02,0.97,0.08,0.21,0.22,0.242925,0.267593
0.8,0.03,0.78,0.03,0.26,0.185,0.22,0.7933625,0.259161
0.8,0.83,0.04,0.97,0.42,0.2046,0.22,0.9560035,0.46027484
0.8,0.09,0.01,0.03,0.24,0.2054,0.25,0.6920215,0.18640716
0.02,0.04,0.04,0.97,0.42,0.21,0.22,0.2625,0.332638
0.02,0.83,0.15,0.97,0.08,0.2046,0.27,0.3317035,0.37095284
0.07,0.01,0.01,0.03,0.42,0.185,0.27,0.1671625,0.169849
0.02,0.09,0.02,0.97,0.26,0.2054,0.22,0.2380215,0.30420316
0.08,0.03,0.02,0.97,0.24,0.195,0.22,0.2709875,0.294595
0.07,0.09,0.15,0.03,0.42,0.2054,0.25,0.1964215,0.19628516
0.02,0.03,0.15,0.03,0.08,0.21,0.25,0.090425,0.123061
0.03,0.83,0.78,0.03,0.24,0.2046,0.25,0.3259785,0.30921584
0.8,0.03,0.78,0.03,0.42,0.21,0.22,0.822325,0.295779
0.07,0.83,0.78,0.97,0.24,0.195,0.26,0.4860875,0.469585
0.08,0.03,0.01,0.03,0.08,0.185,0.22,0.1116875,0.101254
0.03,0.01,0.78,0.97,0.08,0.185,0.26,0.3147125,0.344763
0.02,0.83,0.04,0.97,0.26,0.185,0.25,0.3453875,0.386138
0.08,0.83,0.78,0.03,0.08,0.195,0.22,0.3316375,0.275259
0.02,0.83,0.78,0.97,0.08,0.21,0.22,0.416225,0.434825
0.8,0.03,0.15,0.03,0.24,0.21,0.27,0.705975,0.198771
0.8,0.04,0.04,0.03,0.08,0.21,0.22,0.6579,0.150948
0.03,0.04,0.04,0.97,0.24,0.2046,0.27,0.2433035,0.30373684
0.08,0.03,0.78,0.97,0.08,0.2054,0.22,0.3511215,0.34955516
0.07,0.83,0.78,0.97,0.42,0.185,0.27,0.5188875,0.502872
0.02,0.03,0.01,0.03,0.08,0.2054,0.27,0.0725215,0.10916716
0.03,0.01,0.78,0.03,0.08,0.185,0.27,0.1865375,0.186784
0.03,0.03,0.01,0.03,0.08,0.2046,0.26,0.0789285,0.10826384
0.07,0.83,0.04,0.97,0.42,0.2054,0.25,0.4117465,0.42438016
0.08,0.09,0.01,0.03,0.42,0.185,0.22,0.1802875,0.172854
0.07,0.01,0.15,0.97,0.42,0.195,0.25,0.3144375,0.344277
0.08,0.01,0.02,0.97,0.08,0.21,0.27,0.24555,0.271692
0.03,0.04,0.02,0.03,0.24,0.2054,0.22,0.1058465,0.13622216
0.02,0.04,0.02,0.97,0.08,0.2054,0.27,0.2045715,0.27058916
0.08,0.01,0.04,0.97,0.08,0.195,0.22,0.2426875,0.263987
0.8,0.03,0.02,0.97,0.24,0.195,0.27,0.8163625,0.340192
0.07,0.04,0.04,0.97,0.24,0.2046,0.27,0.2733035,0.30592084
0.02,0.09,0.02,0.97,0.42,0.2046,0.27,0.2717785,0.34090384
0.8,0.03,0.04,0.97,0.24,0.2046,0.26,0.8183535,0.34342884
0.02,0.01,0.78,0.97,0.08,0.2046,0.22,0.3033535,0.34390084
0.02,0.03,0.15,0.97,0.24,0.2054,0.22,0.2447465,0.30802816
0.08,0.83,0.01,0.97,0.24,0.2046,0.27,0.3851535,0.38953484
0.8,0.03,0.15,0.03,0.26,0.2054,0.25,0.7072715,0.19897716
0.02,0.09,0.01,0.97,0.24,0.2046,0.27,0.2384035,0.30537684
0.8,0.01,0.78,0.03,0.42,0.185,0.26,0.8233125,0.292611
0.07,0.01,0.04,0.03,0.08,0.21,0.22,0.106275,0.107811
0.08,0.01,0.02,0.97,0.42,0.195,0.26,0.3044875,0.331871
0.08,0.01,0.04,0.97,0.42,0.2046,0.25,0.3064785,0.33510784
0.8,0.09,0.01,0.03,0.26,0.185,0.26,0.6961875,0.186586
0.08,0.09,0.04,0.97,0.42,0.185,0.22,0.3138125,0.335369
0.03,0.03,0.02,0.03,0.42,0.185,0.22,0.1359625,0.164659
0.02,0.09,0.01,0.97,0.26,0.2054,0.25,0.2398215,0.30688116
0.07,0.09,0.02,0.97,0.08,0.185,0.27,0.2484875,0.27388
0.07,0.03,0.78,0.97,0.08,0.21,0.27,0.3491,0.3564
0.08,0.04,0.01,0.97,0.26,0.195,0.27,0.2798625,0.304706
0.02,0.09,0.02,0.03,0.26,0.2054,0.27,0.1141465,0.15125216
0.07,0.01,0.15,0.97,0.26,0.2046,0.25,0.2862535,0.31597684
0.8,0.04,0.78,0.97,0.26,0.195,0.26,0.9285125,0.426922
0.07,0.03,0.15,0.97,0.42,0.2046,0.22,0.3141785,0.34499984
0.07,0.01,0.01,0.03,0.42,0.195,0.26,0.1663125,0.170996
0.8,0.03,0.15,0.03,0.24,0.195,0.25,0.7034875,0.192651
0.07,0.83,0.01,0.03,0.08,0.2054,0.27,0.2200215,0.19933716
0.8,0.04,0.04,0.97,0.42,0.2054,0.27,0.8527715,0.38040516
0.03,0.83,0.04,0.03,0.24,0.185,0.27,0.2222375,0.226136
0.02,0.09,0.78,0.97,0.24,0.21,0.27,0.34825,0.390836
0.08,0.03,0.02,0.97,0.42,0.21,0.26,0.307575,0.337663
0.03,0.09,0.78,0.97,0.08,0.2046,0.27,0.3272285,0.35947584
0.03,0.03,0.02,0.03,0.24,0.185,0.22,0.1040125,0.130225
0.08,0.01,0.02,0.97,0.26,0.2054,0.26,0.2763215,0.30376316
0.02,0.01,0.02,0.97,0.26,0.2054,0.27,0.2323965,0.30174416
0.03,0.04,0.15,0.03,0.08,0.185,0.22,0.0955125,0.114919
0.03,0.09,0.04,0.97,0.08,0.21,0.22,0.216525,0.273607
0.07,0.83,0.04,0.03,0.26,0.21,0.22,0.250975,0.231871
0.03,0.03,0.04,0.97,0.24,0.2046,0.26,0.2408535,0.30138684
0.03,0.03,0.01,0.97,0.24,0.185,0.26,0.2361375,0.293396
0.03,0.83,0.15,0.03,0.26,0.21,0.27,0.242025,0.247995
0.8,0.04,0.04,0.03,0.26,0.195,0.25,0.6927375,0.185547
0.02,0.09,0.04,0.03,0.26,0.2046,0.27,0.1169785,0.15324584
0.02,0.04,0.02,0.97,0.26,0.185,0.25,0.2339125,0.297605
0.08,0.09,0.78,0.97,0.42,0.2054,0.22,0.4197215,0.42115516
0.03,0.04,0.02,0.03,0.26,0.195,0.27,0.1145375,0.143833
0.02,0.04,0.02,0.03,0.24,0.2054,0.22,0.0983465,0.13567616
0.8,0.03,0.04,0.03,0.42,0.185,0.26,0.7206125,0.213915
0.02,0.83,0.78,0.97,0.26,0.2046,0.26,0.4523535,0.47298884
0.03,0.01,0.02,0.03,0.42,0.2054,0.25,0.1368965,0.17114816
0.08,0.83,0.15,0.97,0.42,0.2046,0.26,0.4359785,0.43801384
0.02,0.01,0.78,0.03,0.08,0.185,0.22,0.1736625,0.179953
0.02,0.09,0.04,0.03,0.24,0.2054,0.26,0.1123715,0.14835516
0.03,0.03,0.02,0.97,0.24,0.195,0.26,0.2377875,0.296893
0.07,0.01,0.78,0.97,0.26,0.2054,0.26,0.3771215,0.38628516
0.03,0.83,0.01,0.97,0.42,0.2054,0.26,0.3785465,0.42017416
0.03,0.03,0.04,0.03,0.26,0.185,0.26,0.1147125,0.141265
0.07,0.83,0.02,0.97,0.42,0.195,0.27,0.4108125,0.422208
0.8,0.04,0.04,0.97,0.26,0.195,0.25,0.8219875,0.344783
0.8,0.01,0.78,0.97,0.08,0.2046,0.25,0.8915785,0.39025984
0.07,0.83,0.15,0.97,0.42,0.185,0.27,0.4291125,0.434013
0.03,0.03,0.02,0.97,0.24,0.2046,0.25,0.2369285,0.29794384
0.8,0.04,0.04,0.03,0.26,0.2054,0.25,0.6929715,0.18804716
0.8,0.03,0.01,0.03,0.24,0.2054,0.22,0.6805465,0.17607816
0.07,0.01,0.04,0.97,0.08,0.2054,0.26,0.2397215,0.27096916
0.03,0.09,0.78,0.03,0.42,0.185,0.27,0.2578875,0.26057
0.8,0.83,0.04,0.97,0.08,0.195,0.25,0.8986625,0.396696
0.8,0.04,0.04,0.03,0.24,0.195,0.27,0.6913375,0.184235
0.8,0.03,0.78,0.97,0.08,0.21,0.26,0.895525,0.395001
0.07,0.09,0.15,0.97,0.26,0.2054,0.26,0.2983465,0.32617016
0.08,0.01,0.15,0.03,0.26,0.2054,0.25,0.1645215,0.15747916
0.07,0.04,0.78,0.97,0.26,0.185,0.22,0.3764875,0.379632
0.02,0.83,0.15,0.03,0.08,0.2046,0.27,0.2024535,0.21171684
0.07,0.04,0.15,0.03,0.42,0.2046,0.25,0.1895285,0.19062784
0.8,0.09,0.04,0.03,0.08,0.185,0.25,0.6674375,0.154174
0.07,0.83,0.04,0.03,0.26,0.2046,0.22,0.2508535,0.23057284
0.02,0.83,0.04,0.03,0.42,0.2054,0.22,0.2417715,0.25864316
0.02,0.83,0.78,0.97,0.08,0.2054,0.22,0.4161215,0.43371916
0.07,0.83,0.78,0.03,0.42,0.2054,0.26,0.3890215,0.34728316
0.03,0.09,0.02,0.03,0.42,0.195,0.27,0.1498125,0.179906
0.07,0.83,0.04,0.97,0.24,0.21,0.22,0.376675,0.387281
0.02,0.01,0.01,0.03,0.24,0.195,0.25,0.0957875,0.132575
0.02,0.09,0.01,0.03,0.08,0.21,0.27,0.080875,0.116831
0.8,0.83,0.04,0.97,0.42,0.21,0.27,0.9615,0.467858
0.02,0.03,0.15,0.97,0.24,0.21,0.26,0.24915,0.314162
0.8,0.83,0.78,0.03,0.26,0.2046,0.22,0.9038035,0.35131284
0.02,0.03,0.78,0.97,0.24,0.2054,0.26,0.3388215,0.38191516
0.08,0.03,0.15,0.03,0.42,0.185,0.25,0.1952125,0.185369
0.08,0.09,0.01,0.97,0.24,0.2046,0.25,0.2812535,0.30613884
0.8,0.04,0.01,0.97,0.26,0.195,0.27,0.8198625,0.344018
0.02,0.03,0.02,0.97,0.42,0.2046,0.25,0.2613785,0.33183184
0.08,0.09,0.02,0.03,0.08,0.185,0.22,0.1213625,0.108905
0.02,0.83,0.04,0.03,0.42,0.2054,0.22,0.2417715,0.25864316
0.8,0.09,0.15,0.97,0.24,0.21,0.26,0.8424,0.363308
0.02,0.01,0.78,0.97,0.08,0.2046,0.26,0.3076535,0.34892884
0.02,0.83,0.04,0.97,0.08,0.2054,0.26,0.3149715,0.35786516
0.02,0.04,0.01,0.03,0.24,0.2046,0.26,0.1012035,0.13941884
0.8,0.09,0.02,0.97,0.24,0.195,0.25,0.8224625,0.344236
0.03,0.83,0.01,0.03,0.26,0.2046,0.26,0.2208785,0.23013784
0.03,0.01,0.78,0.03,0.26,0.195,0.22,0.2133375,0.217337
0.07,0.01,0.04,0.03,0.26,0.195,0.25,0.1411125,0.14241
0.07,0.83,0.04,0.97,0.08,0.185,0.25,0.3509375,0.354434
0.02,0.04,0.78,0.97,0.26,0.2046,0.22,0.3394285,0.38161384
0.8,0.01,0.78,0.03,0.42,0.195,0.27,0.8246125,0.296272
0.02,0.03,0.78,0.97,0.24,0.21,0.27,0.34,0.384278
0.03,0.04,0.78,0.97,0.08,0.2054,0.22,0.3149965,0.34791816
0.02,0.03,0.15,0.97,0.08,0.2046,0.27,0.2217035,0.28351284
0.02,0.09,0.02,0.03,0.42,0.195,0.27,0.1423125,0.17936
0.8,0.04,0.01,0.97,0.08,0.185,0.22,0.7823125,0.300895
0.03,0.03,0.02,0.03,0.26,0.185,0.25,0.1107875,0.137822
0.07,0.04,0.15,0.03,0.42,0.2046,0.25,0.1895285,0.19062784
0.07,0.04,0.04,0.97,0.42,0.2046,0.26,0.3041785,0.33909784
0.08,0.09,0.15,0.03,0.42,0.185,0.26,0.2045375,0.193184
0.02,0.83,0.15,0.03,0.26,0.2046,0.27,0.2344035,0.24615084
0.07,0.83,0.15,0.97,0.26,0.2054,0.26,0.4000965,0.40705216
0.8,0.03,0.04,0.97,0.26,0.2046,0.26,0.8219035,0.34725484
0.07,0.09,0.01,0.97,0.26,0.195,0.22,0.2738625,0.30334
0.07,0.03,0.78,0.03,0.42,0.195,0.22,0.2744875,0.252315
0.8,0.04,0.02,0.03,0.26,0.185,0.26,0.6907375,0.182214
0.8,0.83,0.15,0.03,0.08,0.195,0.27,0.7872375,0.251997
0.08,0.03,0.02,0.97,0.24,0.2046,0.25,0.2744285,0.30067384
0.02,0.04,0.04,0.03,0.08,0.2054,0.27,0.0781715,0.11353916
0.02,0.04,0.02,0.97,0.26,0.21,0.25,0.234475,0.303615
0.08,0.83,0.15,0.03,0.26,0.2046,0.27,0.2794035,0.24942684
0.08,0.04,0.04,0.03,0.26,0.2054,0.25,0.1529715,0.14873516
0.03,0.09,0.78,0.03,0.24,0.185,0.27,0.2259375,0.226136
0.8,0.09,0.15,0.97,0.42,0.2046,0.27,0.8753035,0.39770084
0.8,0.03,0.01,0.97,0.24,0.195,0.22,0.8095625,0.332814
0.08,0.83,0.15,0.03,0.42,0.21,0.22,0.30255,0.275048
0.08,0.01,0.02,0.03,0.26,0.2054,0.26,0.1470715,0.14452716
0.07,0.83,0.01,0.97,0.42,0.195,0.25,0.4072375,0.418601
0.02,0.83,0.78,0.03,0.26,0.2046,0.22,0.3188035,0.30872484
0.08,0.03,0.01,0.03,0.24,0.2046,0.25,0.1437535,0.14034484
0.07,0.83,0.04,0.97,0.26,0.195,0.22,0.3798875,0.387501
0.08,0.83,0.04,0.97,0.26,0.195,0.27,0.3927625,0.394332
0.03,0.04,0.78,0.97,0.24,0.2046,0.25,0.3466035,0.38210484
0.03,0.04,0.04,0.97,0.08,0.21,0.27,0.215025,0.274427
0.03,0.03,0.04,0.03,0.24,0.2046,0.22,0.1073035,0.13712284
0.8,0.09,0.15,0.03,0.26,0.185,0.22,0.7118375,0.19686
0.02,0.03,0.15,0.03,0.26,0.21,0.22,0.11915,0.153724
0.02,0.01,0.15,0.97,0.24,0.2054,0.22,0.2419965,0.30584216
0.08,0.83,0.78,0.03,0.24,0.195,0.26,0.3643375,0.310895
0.02,0.83,0.78,0.03,0.42,0.2054,0.27,0.3525965,0.34581016
0.02,0.04,0.01,0.03,0.08,0.2046,0.26,0.0728035,0.10881084
0.8,0.03,0.01,0.97,0.42,0.2046,0.27,0.8471035,0.37584084
0.8,0.01,0.02,0.03,0.24,0.2054,0.26,0.6835215,0.18001316
0.08,0.03,0.15,0.03,0.26,0.2046,0.25,0.1672535,0.15947284
0.03,0.83,0.15,0.03,0.08,0.21,0.26,0.209,0.212304
0.02,0.09,0.15,0.03,0.08,0.2046,0.22,0.0953285,0.12454984
0.03,0.03,0.15,0.97,0.42,0.185,0.27,0.2891125,0.344389
0.02,0.01,0.02,0.03,0.08,0.2046,0.22,0.0658035,0.10159684
0.07,0.83,0.78,0.03,0.26,0.2054,0.27,0.3616965,0.31793216
0.08,0.03,0.78,0.97,0.24,0.2046,0.27,0.3848785,0.38625584
0.03,0.04,0.78,0.03,0.24,0.195,0.22,0.2139125,0.21679
0.08,0.83,0.02,0.97,0.08,0.2054,0.27,0.3581965,0.36021216
0.03,0.04,0.04,0.03,0.08,0.2046,0.27,0.0856535,0.11389284
0.02,0.83,0.04,0.97,0.24,0.2046,0.26,0.3433535,0.38828084
0.08,0.83,0.15,0.03,0.24,0.195,0.27,0.2756375,0.243293
0.03,0.03,0.78,0.03,0.42,0.2054,0.27,0.2500965,0.25891616
0.07,0.01,0.02,0.03,0.08,0.195,0.22,0.1030875,0.102019
0.07,0.01,0.15,0.97,0.08,0.185,0.25,0.2538625,0.276831
0.03,0.03,0.02,0.97,0.24,0.2054,0.27,0.2390965,0.30065016
0.03,0.04,0.04,0.03,0.26,0.195,0.27,0.1173875,0.146019
0.03,0.03,0.01,0.97,0.42,0.195,0.25,0.2672375,0.328977
0.07,0.01,0.02,0.97,0.08,0.21,0.25,0.2359,0.268632
0.07,0.03,0.04,0.03,0.26,0.185,0.22,0.1404125,0.138421
0.02,0.83,0.04,0.97,0.26,0.195,0.22,0.3423875,0.384771
0.03,0.01,0.15,0.97,0.08,0.195,0.26,0.2251625,0.278308
0.02,0.83,0.04,0.97,0.24,0.195,0.27,0.3442125,0.38723
0.8,0.03,0.01,0.03,0.42,0.21,0.22,0.7126,0.211618
0.8,0.03,0.01,0.97,0.26,0.2046,0.26,0.8176285,0.34397584
0.08,0.83,0.04,0.97,0.24,0.2046,0.25,0.3872785,0.39029984
0.07,0.04,0.15,0.03,0.08,0.21,0.25,0.1293,0.126884
0.02,0.01,0.78,0.97,0.08,0.2046,0.22,0.3033535,0.34390084
0.08,0.04,0.78,0.03,0.26,0.21,0.22,0.2553,0.226952
0.03,0.83,0.04,0.97,0.26,0.185,0.27,0.3550375,0.389198
0.03,0.04,0.78,0.03,0.08,0.2046,0.22,0.1857285,0.18848984
0.08,0.01,0.78,0.03,0.24,0.2054,0.27,0.2528965,0.22502616
0.07,0.83,0.01,0.97,0.08,0.2054,0.27,0.3492715,0.35857316
0.07,0.09,0.02,0.03,0.26,0.21,0.26,0.150675,0.153831
0.8,0.01,0.04,0.03,0.26,0.195,0.25,0.6886125,0.182268
0.08,0.03,0.04,0.03,0.42,0.185,0.27,0.1816875,0.17586
0.02,0.03,0.15,0.97,0.42,0.2046,0.26,0.2809785,0.34729784
0.08,0.03,0.78,0.03,0.24,0.21,0.22,0.250375,0.222033
0.02,0.09,0.02,0.97,0.08,0.2046,0.22,0.2060535,0.26957684
0.07,0.09,0.15,0.97,0.24,0.185,0.26,0.2943375,0.31744
0.8,0.09,0.01,0.03,0.08,0.2046,0.26,0.6646785,0.15686384
0.08,0.03,0.02,0.03,0.26,0.2054,0.27,0.1508965,0.14797016
0.02,0.03,0.01,0.03,0.42,0.195,0.22,0.1272625,0.165424
0.03,0.83,0.02,0.03,0.08,0.185,0.22,0.1856125,0.187057
0.03,0.03,0.78,0.03,0.24,0.2054,0.25,0.2159965,0.22196816
0.08,0.03,0.15,0.03,0.26,0.195,0.27,0.1691875,0.159679
0.02,0.03,0.78,0.97,0.42,0.2046,0.25,0.3696785,0.41489984
0.07,0.83,0.01,0.97,0.42,0.185,0.22,0.4037875,0.412426
0.8,0.03,0.02,0.03,0.42,0.21,0.25,0.71725,0.216482
0.07,0.03,0.04,0.03,0.26,0.195,0.22,0.1406375,0.140825
0.07,0.04,0.01,0.97,0.08,0.21,0.26,0.239675,0.272075
0.08,0.09,0.78,0.97,0.26,0.21,0.22,0.391425,0.391653
0.08,0.01,0.02,0.03,0.26,0.195,0.25,0.1457625,0.14077
0.07,0.03,0.15,0.03,0.24,0.2054,0.27,0.1583715,0.15780716
0.02,0.03,0.15,0.97,0.24,0.21,0.22,0.24485,0.309134
0.03,0.09,0.15,0.97,0.24,0.2054,0.26,0.2647965,0.32016016
0.07,0.03,0.04,0.97,0.24,0.185,0.25,0.2693375,0.297602
0.08,0.01,0.01,0.97,0.08,0.2054,0.22,0.2386465,0.26320816
0.8,0.03,0.04,0.03,0.26,0.195,0.26,0.6924375,0.185711
0.07,0.83,0.01,0.03,0.42,0.195,0.27,0.2801375,0.261879
0.8,0.01,0.01,0.97,0.24,0.185,0.27,0.8119625,0.334509
0.03,0.04,0.01,0.03,0.24,0.185,0.22,0.1039625,0.130225
0.08,0.04,0.78,0.97,0.08,0.195,0.27,0.3576375,0.354433
0.08,0.09,0.01,0.03,0.42,0.195,0.25,0.1837375,0.179029
0.08,0.03,0.15,0.03,0.08,0.2046,0.25,0.1353035,0.12503884
0.07,0.09,0.15,0.97,0.26,0.2046,0.25,0.2972535,0.32472084
0.03,0.04,0.04,0.03,0.08,0.2046,0.25,0.0835035,0.11137884
0.8,0.01,0.02,0.03,0.42,0.2046,0.27,0.7165285,0.21551184
0.8,0.83,0.01,0.03,0.26,0.2046,0.22,0.7940785,0.26715184
0.8,0.01,0.15,0.97,0.24,0.185,0.26,0.8308375,0.348554
0.07,0.83,0.78,0.03,0.24,0.2046,0.25,0.3559785,0.31139984
0.08,0.09,0.04,0.03,0.24,0.21,0.22,0.153175,0.147709
0.8,0.04,0.78,0.03,0.24,0.195,0.27,0.7967875,0.265117
0.02,0.04,0.01,0.97,0.26,0.2054,0.27,0.2350965,0.30393016
0.07,0.83,0.78,0.03,0.26,0.195,0.25,0.3593125,0.312918
0.02,0.01,0.15,0.97,0.24,0.21,0.25,0.245325,0.310719
0.8,0.09,0.02,0.97,0.24,0.2054,0.26,0.8237715,0.34799316
0.08,0.03,0.01,0.97,0.42,0.185,0.25,0.3045125,0.329303
0.03,0.83,0.04,0.03,0.42,0.21,0.26,0.253675,0.265323
0.8,0.03,0.02,0.03,0.42,0.2046,0.26,0.7182035,0.21644084
0.07,0.01,0.15,0.03,0.26,0.195,0.22,0.1535625,0.150662
0.07,0.83,0.15,0.03,0.42,0.2054,0.27,0.3003215,0.27968116
0.07,0.01,0.78,0.97,0.26,0.2054,0.26,0.3771215,0.38628516
0.07,0.04,0.04,0.03,0.24,0.2046,0.25,0.1419035,0.14417084
0.07,0.04,0.15,0.03,0.08,0.195,0.27,0.1311125,0.125792
0.8,0.09,0.01,0.97,0.08,0.21,0.26,0.79405,0.317398
0.08,0.03,0.04,0.97,0.26,0.185,0.26,0.2814625,0.303231
0.07,0.01,0.02,0.03,0.08,0.21,0.26,0.107725,0.110653
0.02,0.83,0.02,0.97,0.42,0.21,0.27,0.37365,0.423084
0.03,0.09,0.04,0.03,0.24,0.185,0.26,0.1194125,0.143997
0.02,0.04,0.02,0.97,0.08,0.2054,0.27,0.2045715,0.27058916
0.08,0.04,0.78,0.97,0.26,0.21,0.26,0.38885,0.391216
0.08,0.03,0.04,0.97,0.42,0.195,0.26,0.3100875,0.336243
0.02,0.04,0.02,0.97,0.42,0.2046,0.22,0.2595285,0.32915384
0.03,0.03,0.78,0.97,0.08,0.21,0.22,0.313725,0.347931
0.07,0.01,0.02,0.03,0.26,0.185,0.27,0.1401875,0.140334
0.03,0.83,0.02,0.03,0.08,0.185,0.22,0.1856125,0.187057
0.02,0.01,0.04,0.03,0.42,0.2054,0.22,0.1290215,0.16901716
0.02,0.03,0.04,0.97,0.42,0.21,0.25,0.26435,0.335316
0.03,0.01,0.02,0.97,0.24,0.2054,0.25,0.2341965,0.29595016
0.8,0.09,0.01,0.03,0.42,0.21,0.26,0.72515,0.223204
0.03,0.04,0.01,0.97,0.26,0.2054,0.22,0.2372215,0.29819116
0.8,0.01,0.78,0.03,0.42,0.2054,0.27,0.8248465,0.29877216
0.07,0.83,0.02,0.97,0.08,0.2046,0.27,0.3506785,0.35947384
0.08,0.03,0.01,0.03,0.08,0.185,0.22,0.1116875,0.101254
0.08,0.04,0.02,0.03,0.26,0.2054,0.25,0.1501215,0.14654916
0.08,0.83,0.02,0.03,0.08,0.2046,0.22,0.2235535,0.19449884
0.02,0.04,0.04,0.97,0.42,0.2054,0.26,0.2666965,0.33656016
0.02,0.03,0.04,0.03,0.08,0.21,0.22,0.071525,0.107267
0.03,0.01,0.15,0.03,0.08,0.21,0.26,0.09625,0.122678
0.8,0.03,0.01,0.97,0.08,0.2046,0.25,0.7846035,0.30828484
0.03,0.04,0.04,0.97,0.08,0.21,0.26,0.21395,0.27317
0.07,0.04,0.01,0.97,0.26,0.195,0.27,0.2723625,0.30416
0.03,0.03,0.78,0.03,0.24,0.2054,0.26,0.2170715,0.22322516
0.8,0.83,0.15,0.03,0.42,0.185,0.27,0.8473625,0.314635
0.03,0.04,0.01,0.03,0.24,0.185,0.27,0.1093375,0.13651
0.8,0.09,0.02,0.03,0.42,0.21,0.26,0.726575,0.224297
0.02,0.09,0.15,0.03,0.26,0.185,0.25,0.1300625,0.158043
0.08,0.04,0.01,0.97,0.24,0.195,0.25,0.2741625,0.298366
0.07,0.04,0.15,0.03,0.26,0.195,0.27,0.1630625,0.160226
0.07,0.01,0.15,0.03,0.26,0.195,0.27,0.1589375,0.156947
0.08,0.03,0.02,0.97,0.08,0.21,0.25,0.24615,0.271364
0.8,0.83,0.15,0.03,0.26,0.185,0.26,0.8178875,0.28277
0.02,0.01,0.02,0.97,0.24,0.21,0.25,0.2268,0.29651
0.08,0.04,0.01,0.97,0.08,0.2046,0.27,0.2481285,0.27257984
0.02,0.03,0.78,0.97,0.42,0.21,0.25,0.3698,0.416198
0.02,0.83,0.04,0.97,0.08,0.21,0.25,0.314,0.357714
0.8,0.03,0.01,0.97,0.26,0.2054,0.26,0.8176465,0.34416816
0.02,0.83,0.78,0.03,0.24,0.195,0.26,0.3193375,0.307619
0.8,0.01,0.78,0.03,0.08,0.195,0.25,0.7621125,0.228716
0.07,0.83,0.78,0.03,0.26,0.2046,0.26,0.3606035,0.31648284
0.03,0.04,0.78,0.03,0.42,0.21,0.22,0.2462,0.25483
0.03,0.09,0.78,0.97,0.08,0.195,0.22,0.3216375,0.350883
0.03,0.01,0.01,0.97,0.26,0.2046,0.26,0.2373785,0.29974784
0.02,0.01,0.15,0.03,0.08,0.21,0.22,0.08445,0.117104
0.8,0.09,0.78,0.03,0.24,0.21,0.26,0.802925,0.272931
0.02,0.03,0.01,0.97,0.08,0.2046,0.27,0.2017535,0.26821084
0.02,0.01,0.15,0.97,0.42,0.21,0.25,0.277275,0.345153
0.03,0.03,0.15,0.03,0.42,0.185,0.22,0.1544875,0.178868
0.07,0.04,0.04,0.03,0.26,0.195,0.26,0.1463125,0.146946
0.03,0.04,0.04,0.97,0.42,0.2046,0.25,0.2731035,0.33565684
0.03,0.09,0.02,0.03,0.24,0.2046,0.27,0.1180785,0.14777984
0.03,0.83,0.15,0.97,0.08,0.21,0.22,0.33395,0.366512
0.03,0.83,0.01,0.97,0.08,0.21,0.27,0.319375,0.357495
0.07,0.09,0.02,0.03,0.08,0.2046,0.22,0.1143035,0.11307084
0.8,0.03,0.15,0.97,0.24,0.195,0.25,0.8327375,0.351887
0.8,0.04,0.02,0.03,0.42,0.2046,0.27,0.7206535,0.21879084
0.8,0.83,0.15,0.97,0.24,0.2054,0.25,0.9429715,0.44182716
0.03,0.01,0.15,0.03,0.24,0.185,0.27,0.1251625,0.148533
0.07,0.03,0.15,0.97,0.08,0.185,0.25,0.2566125,0.279017
0.08,0.04,0.15,0.97,0.24,0.2046,0.26,0.2954035,0.31723284
0.07,0.83,0.01,0.97,0.26,0.185,0.26,0.3796875,0.386846
0.08,0.09,0.78,0.97,0.24,0.2054,0.27,0.3931465,0.39300616
0.03,0.83,0.02,0.03,0.42,0.185,0.27,0.2513375,0.258384
0.03,0.01,0.02,0.03,0.08,0.2046,0.22,0.0733035,0.10214284
0.08,0.09,0.78,0.97,0.24,0.195,0.26,0.3918375,0.389249
0.02,0.83,0.01,0.97,0.24,0.185,0.25,0.3375625,0.379033
0.02,0.04,0.04,0.97,0.08,0.2046,0.22,0.2020285,0.26629784
0.08,0.04,0.78,0.97,0.08,0.2046,0.27,0.3578535,0.35674084
0.07,0.83,0.01,0.03,0.24,0.21,0.25,0.246375,0.228537
0.08,0.04,0.04,0.97,0.26,0.195,0.27,0.2841375,0.307985
0.03,0.03,0.01,0.03,0.42,0.21,0.27,0.140475,0.175861
0.8,0.04,0.04,0.97,0.42,0.195,0.27,0.8525375,0.377905
0.02,0.04,0.04,0.03,0.42,0.185,0.27,0.1380625,0.173677
0.8,0.01,0.01,0.97,0.26,0.185,0.22,0.8101375,0.33205
0.07,0.01,0.04,0.03,0.26,0.195,0.27,0.1432625,0.144924
0.02,0.04,0.15,0.97,0.08,0.21,0.26,0.222125,0.284647
0.07,0.09,0.04,0.03,0.08,0.185,0.22,0.1167125,0.110545
0.8,0.03,0.01,0.03,0.24,0.185,0.27,0.6854625,0.177459
0.03,0.04,0.15,0.97,0.08,0.2054,0.22,0.2252215,0.27905916
0.08,0.03,0.02,0.97,0.08,0.2054,0.22,0.2428215,0.26648716
0.8,0.03,0.78,0.97,0.08,0.195,0.26,0.8951875,0.391395
0.07,0.83,0.02,0.97,0.26,0.195,0.22,0.3770375,0.385315
0.07,0.01,0.01,0.03,0.26,0.21,0.27,0.139325,0.145251
0.08,0.04,0.15,0.03,0.26,0.21,0.25,0.16875,0.161864
0.08,0.04,0.04,0.97,0.08,0.195,0.26,0.2511125,0.272294
0.08,0.83,0.04,0.03,0.08,0.2046,0.27,0.2317785,0.20296984
0.02,0.03,0.15,0.03,0.08,0.21,0.22,0.0872,0.11929
0.08,0.03,0.01,0.97,0.08,0.185,0.22,0.2409375,0.26049
0.07,0.83,0.15,0.03,0.42,0.2054,0.27,0.3003215,0.27968116
0.02,0.09,0.15,0.97,0.08,0.185,0.27,0.2295125,0.285359
0.8,0.01,0.78,0.97,0.26,0.2046,0.26,0.9246035,0.42595084
0.08,0.03,0.04,0.03,0.08,0.2054,0.25,0.1196465,0.11320816
0.02,0.04,0.04,0.03,0.42,0.21,0.22,0.13325,0.173402
0.02,0.01,0.02,0.03,0.26,0.2046,0.26,0.1020535,0.14105884
0.08,0.03,0.01,0.97,0.26,0.21,0.22,0.27345,0.300934
0.03,0.04,0.04,0.97,0.26,0.21,0.26,0.2459,0.307604
0.08,0.04,0.02,0.97,0.26,0.185,0.27,0.2810625,0.303395
0.02,0.83,0.01,0.97,0.42,0.195,0.22,0.3665125,0.4121
0.02,0.01,0.78,0.03,0.26,0.185,0.22,0.2056125,0.214387
0.8,0.01,0.02,0.97,0.42,0.2054,0.26,0.8447215,0.37368316
0.8,0.03,0.15,0.03,0.26,0.21,0.25,0.707375,0.200083
0.07,0.01,0.01,0.97,0.42,0.195,0.26,0.2955625,0.330232
0.02,0.01,0.01,0.97,0.26,0.185,0.25,0.2283625,0.293233
0.02,0.03,0.15,0.97,0.42,0.185,0.22,0.2762375,0.337558
0.8,0.03,0.01,0.97,0.24,0.2054,0.25,0.8130215,0.33908516
0.02,0.01,0.04,0.97,0.42,0.195,0.25,0.2612625,0.329524
0.07,0.01,0.15,0.97,0.26,0.195,0.25,0.2860375,0.313669
0.03,0.03,0.02,0.03,0.24,0.185,0.26,0.1083125,0.135253
0.02,0.01,0.04,0.03,0.24,0.2046,0.26,0.1013535,0.13941884
0.07,0.03,0.04,0.97,0.42,0.2046,0.22,0.2985035,0.33297684
0.03,0.03,0.78,0.97,0.24,0.2046,0.25,0.3452285,0.38101184
0.02,0.09,0.01,0.03,0.08,0.185,0.27,0.0803125,0.110821
0.02,0.03,0.15,0.03,0.24,0.2054,0.22,0.1154965,0.14879216
0.8,0.01,0.04,0.97,0.42,0.21,0.27,0.84875,0.378232
0.03,0.03,0.04,0.97,0.42,0.185,0.22,0.2680625,0.326081
0.08,0.09,0.04,0.97,0.26,0.195,0.22,0.2856375,0.307165
0.08,0.01,0.01,0.97,0.26,0.195,0.27,0.2757375,0.301427
0.08,0.83,0.04,0.03,0.24,0.2046,0.26,0.2591035,0.23232084
0.08,0.04,0.01,0.97,0.08,0.2054,0.27,0.2481465,0.27277216
0.08,0.83,0.04,0.97,0.08,0.2054,0.27,0.3610465,0.36239816
0.02,0.04,0.78,0.97,0.08,0.21,0.27,0.312975,0.354763
0.02,0.09,0.02,0.03,0.08,0.2046,0.27,0.0821785,0.11662584
0.02,0.04,0.04,0.03,0.26,0.195,0.25,0.1077375,0.142959
0.08,0.03,0.02,0.03,0.26,0.2054,0.26,0.1498215,0.14671316
0.02,0.03,0.15,0.97,0.42,0.195,0.26,0.2807625,0.34499
0.08,0.09,0.01,0.97,0.08,0.21,0.27,0.255125,0.279343
0.07,0.04,0.02,0.97,0.08,0.195,0.27,0.2418375,0.270819
0.08,0.03,0.04,0.03,0.24,0.185,0.22,0.1443625,0.135141
0.8,0.83,0.02,0.97,0.24,0.2054,0.26,0.9255215,0.42887516
0.02,0.09,0.78,0.97,0.26,0.195,0.22,0.3460875,0.384771
0.07,0.01,0.78,0.03,0.26,0.2046,0.25,0.2467785,0.22559984
0.02,0.03,0.04,0.97,0.42,0.195,0.22,0.2607875,0.327939
0.07,0.01,0.02,0.97,0.08,0.21,0.25,0.2359,0.268632
0.8,0.83,0.01,0.97,0.08,0.185,0.22,0.8909375,0.387242
0.03,0.83,0.02,0.03,0.24,0.21,0.25,0.2178,0.227446
0.03,0.01,0.15,0.03,0.42,0.2046,0.22,0.1521785,0.18139384
0.03,0.01,0.04,0.03,0.42,0.2046,0.26,0.1408035,0.17439884
0.03,0.01,0.02,0.97,0.24,0.185,0.25,0.2337375,0.291046
0.03,0.01,0.01,0.03,0.24,0.2054,0.22,0.1002965,0.13185016
0.03,0.83,0.15,0.03,0.24,0.2054,0.27,0.2383715,0.24306316
0.08,0.83,0.04,0.97,0.08,0.2046,0.22,0.3556535,0.35592084
0.02,0.04,0.15,0.97,0.08,0.21,0.25,0.22105,0.28339
0.8,0.09,0.04,0.97,0.24,0.2046,0.22,0.8223035,0.34495884
0.08,0.03,0.04,0.97,0.26,0.2046,0.27,0.2829785,0.30919984
0.03,0.03,0.15,0.03,0.24,0.195,0.26,0.1270625,0.151866
0.07,0.01,0.01,0.03,0.08,0.185,0.25,0.1046625,0.102293
0.02,0.83,0.02,0.97,0.24,0.2054,0.22,0.3362215,0.38125916
0.03,0.01,0.04,0.97,0.24,0.185,0.22,0.2333625,0.289461
0.07,0.09,0.78,0.03,0.08,0.195,0.27,0.2277625,0.200116
0.07,0.01,0.01,0.03,0.08,0.21,0.22,0.102,0.104532
0.8,0.83,0.15,0.03,0.42,0.2046,0.25,0.8456535,0.31683284
0.8,0.01,0.01,0.97,0.26,0.195,0.25,0.8135875,0.338225
0.02,0.03,0.78,0.97,0.08,0.2054,0.25,0.3093465,0.35005016
0.03,0.04,0.04,0.03,0.42,0.2054,0.26,0.1449465,0.17787016
0.8,0.04,0.02,0.03,0.08,0.2054,0.27,0.6603215,0.15394116
0.8,0.01,0.01,0.03,0.08,0.21,0.22,0.6495,0.14439
0.03,0.09,0.78,0.03,0.42,0.185,0.27,0.2578875,0.26057
0.02,0.04,0.02,0.97,0.42,0.2054,0.25,0.2627715,0.33311716
0.8,0.09,0.15,0.97,0.24,0.21,0.26,0.8424,0.363308
0.03,0.01,0.01,0.97,0.08,0.2046,0.26,0.2054285,0.26531384
0.08,0.03,0.01,0.03,0.24,0.2046,0.27,0.1459035,0.14285884
0.03,0.03,0.04,0.03,0.42,0.185,0.25,0.1420375,0.170616
0.08,0.83,0.78,0.97,0.24,0.21,0.27,0.495,0.474994
0.02,0.01,0.04,0.03,0.26,0.2054,0.27,0.1059965,0.14469416
0.03,0.04,0.78,0.97,0.26,0.2046,0.22,0.3469285,0.38215984
0.02,0.83,0.01,0.97,0.42,0.2046,0.27,0.3721035,0.42069284
0.02,0.03,0.02,0.03,0.42,0.195,0.26,0.1329875,0.171545
0.02,0.03,0.01,0.97,0.08,0.185,0.27,0.2013125,0.263499
0.02,0.09,0.02,0.97,0.26,0.195,0.22,0.2377875,0.301703
0.03,0.03,0.02,0.97,0.08,0.195,0.26,0.2093875,0.266285
0.02,0.09,0.02,0.97,0.08,0.2054,0.22,0.2060715,0.26976916
0.03,0.01,0.02,0.03,0.24,0.195,0.25,0.1047125,0.134214
0.08,0.83,0.01,0.97,0.08,0.21,0.25,0.354725,0.357711
0.8,0.04,0.02,0.03,0.24,0.185,0.25,0.6861125,0.177131
0.07,0.83,0.02,0.97,0.24,0.2054,0.22,0.3737215,0.38398916
0.8,0.03,0.02,0.97,0.08,0.195,0.27,0.7879625,0.309584
0.03,0.83,0.01,0.97,0.08,0.195,0.22,0.3136625,0.347604
0.02,0.83,0.02,0.03,0.24,0.2046,0.26,0.2112535,0.22685884
0.8,0.01,0.04,0.03,0.26,0.21,0.22,0.685725,0.182103
0.08,0.01,0.02,0.03,0.24,0.2046,0.22,0.1392035,0.13548084
0.07,0.03,0.01,0.97,0.42,0.2054,0.22,0.2942465,0.32989016
0.03,0.03,0.02,0.03,0.42,0.21,0.22,0.136525,0.170669
0.8,0.83,0.02,0.03,0.42,0.195,0.22,0.8236875,0.296545
0.07,0.01,0.04,0.03,0.42,0.21,0.22,0.166625,0.172853
0.02,0.83,0.01,0.97,0.24,0.2046,0.22,0.3347785,0.37997384
0.08,0.04,0.78,0.97,0.08,0.2054,0.26,0.3567965,0.35567616
0.8,0.09,0.04,0.97,0.08,0.21,0.26,0.798325,0.320677
0.03,0.04,0.15,0.03,0.26,0.185,0.25,0.1306875,0.153124
0.03,0.03,0.01,0.03,0.08,0.185,0.25,0.0774125,0.102295
0.08,0.01,0.15,0.97,0.42,0.2054,0.25,0.3221715,0.34732316
0.07,0.09,0.15,0.03,0.42,0.21,0.27,0.198675,0.199905
0.07,0.01,0.78,0.97,0.24,0.21,0.26,0.373675,0.383565
0.07,0.03,0.78,0.03,0.26,0.21,0.25,0.24965,0.229084
0.03,0.04,0.78,0.03,0.42,0.21,0.27,0.251575,0.261115
0.07,0.09,0.78,0.03,0.26,0.2054,0.22,0.2545715,0.23076516
0.08,0.01,0.04,0.97,0.08,0.21,0.26,0.247325,0.272621
0.8,0.04,0.78,0.97,0.42,0.21,0.26,0.95725,0.461136
0.02,0.09,0.01,0.03,0.42,0.2054,0.27,0.1411215,0.18076716
0.03,0.83,0.02,0.03,0.08,0.195,0.26,0.1901375,0.194489
0.08,0.83,0.04,0.97,0.08,0.2054,0.27,0.3610465,0.36239816
0.02,0.83,0.02,0.97,0.26,0.2046,0.25,0.3429785,0.38866384
0.02,0.01,0.78,0.03,0.24,0.185,0.27,0.2074375,0.216846
0.07,0.01,0.02,0.03,0.42,0.185,0.27,0.1685875,0.170942
0.08,0.04,0.02,0.97,0.08,0.2046,0.22,0.2441785,0.26738784
0.08,0.83,0.04,0.03,0.24,0.185,0.27,0.2597375,0.228866
0.07,0.03,0.02,0.97,0.26,0.2054,0.27,0.2726465,0.30666016
0.02,0.03,0.04,0.03,0.24,0.2054,0.22,0.0998215,0.13676916
0.02,0.09,0.78,0.03,0.26,0.185,0.22,0.2166125,0.223131
0.8,0.09,0.15,0.97,0.08,0.21,0.25,0.812925,0.331443
0.02,0.03,0.78,0.97,0.24,0.195,0.22,0.3342875,0.374387
0.02,0.09,0.04,0.97,0.24,0.2046,0.27,0.2426785,0.30865584
0.03,0.83,0.78,0.03,0.42,0.2046,0.25,0.3579285,0.34364984
0.08,0.04,0.02,0.97,0.42,0.2054,0.26,0.3088465,0.33765016
0.8,0.83,0.15,0.97,0.42,0.2054,0.25,0.9749215,0.47626116
0.07,0.09,0.02,0.97,0.24,0.2046,0.26,0.2762535,0.30794284
0.02,0.83,0.04,0.03,0.08,0.2046,0.26,0.1857035,0.19843684
0.03,0.09,0.15,0.97,0.42,0.21,0.27,0.297925,0.356957
0.08,0.04,0.78,0.97,0.26,0.2046,0.22,0.3844285,0.38488984
0.07,0.04,0.02,0.97,0.08,0.2054,0.27,0.2420715,0.27331916
0.08,0.04,0.02,0.97,0.24,0.195,0.25,0.2755875,0.299459
0.07,0.03,0.04,0.97,0.24,0.2046,0.22,0.2665535,0.29854284
0.02,0.03,0.02,0.97,0.08,0.195,0.27,0.2029625,0.266996
0.03,0.03,0.02,0.97,0.26,0.2054,0.22,0.2372715,0.29819116
0.8,0.83,0.02,0.03,0.08,0.195,0.27,0.7687125,0.237788
0.02,0.09,0.78,0.97,0.42,0.21,0.25,0.37805,0.422756
0.07,0.04,0.04,0.03,0.42,0.195,0.22,0.1704125,0.172526
0.08,0.04,0.78,0.97,0.08,0.195,0.25,0.3554875,0.351919
0.02,0.83,0.78,0.97,0.08,0.2054,0.26,0.4204215,0.43874716
0.07,0.01,0.01,0.03,0.24,0.21,0.22,0.1304,0.13514
0.02,0.04,0.15,0.97,0.42,0.2046,0.27,0.2834285,0.34964784
0.08,0.01,0.01,0.03,0.26,0.2054,0.25,0.1445715,0.14217716
0.02,0.09,0.04,0.97,0.08,0.185,0.22,0.2084625,0.267051
0.07,0.04,0.01,0.97,0.42,0.2046,0.27,0.3009785,0.33707584
0.07,0.09,0.02,0.03,0.24,0.2054,0.27,0.1480965,0.15015616
0.02,0.09,0.15,0.97,0.08,0.2054,0.25,0.2278215,0.28774916
0.03,0.03,0.01,0.03,0.08,0.21,0.22,0.07475,0.104534
0.03,0.09,0.02,0.97,0.08,0.2054,0.27,0.2189465,0.27660016
0.02,0.83,0.15,0.03,0.26,0.2046,0.27,0.2344035,0.24615084
0.08,0.83,0.15,0.97,0.42,0.195,0.26,0.4357625,0.435706
0.08,0.83,0.78,0.97,0.42,0.2046,0.27,0.5268285,0.50812984
0.02,0.03,0.78,0.03,0.08,0.185,0.27,0.1817875,0.188424
0.08,0.04,0.04,0.03,0.24,0.21,0.27,0.151675,0.148529
0.03,0.04,0.04,0.03,0.26,0.21,0.25,0.115575,0.147111
0.8,0.04,0.78,0.03,0.08,0.21,0.22,0.76335,0.23183
0.8,0.03,0.78,0.97,0.24,0.185,0.26,0.9233625,0.419599
0.03,0.04,0.04,0.97,0.26,0.21,0.27,0.246975,0.308861
0.03,0.03,0.01,0.97,0.24,0.21,0.22,0.2324,0.294378
0.07,0.09,0.02,0.97,0.42,0.21,0.27,0.3094,0.344932
0.08,0.09,0.78,0.97,0.24,0.185,0.27,0.3926875,0.388102
0.03,0.83,0.78,0.97,0.08,0.2054,0.22,0.4236215,0.43426516
0.8,0.83,0.01,0.97,0.24,0.195,0.26,0.9238625,0.425282
0.03,0.03,0.01,0.03,0.08,0.195,0.26,0.0787125,0.105956
0.02,0.83,0.78,0.03,0.26,0.195,0.26,0.3228875,0.311445
0.07,0.09,0.04,0.97,0.24,0.2046,0.27,0.2801785,0.31138584
0.8,0.09,0.15,0.03,0.24,0.21,0.26,0.71315,0.204072
0.8,0.01,0.04,0.97,0.08,0.2054,0.22,0.7829215,0.30579916
0.07,0.04,0.15,0.03,0.08,0.2046,0.26,0.1302535,0.12684284
0.07,0.01,0.78,0.03,0.42,0.21,0.27,0.27745,0.26002
0.03,0.04,0.04,0.97,0.24,0.195,0.25,0.2409375,0.298915
0.8,0.09,0.15,0.97,0.24,0.2054,0.27,0.8433715,0.36345916
0.03,0.83,0.02,0.03,0.24,0.2054,0.22,0.2144715,0.22256916
0.08,0.04,0.04,0.97,0.26,0.195,0.22,0.2787625,0.3017
0.08,0.09,0.04,0.97,0.08,0.195,0.27,0.2590625,0.279016
0.8,0.09,0.04,0.03,0.26,0.185,0.22,0.6961625,0.184837
0.03,0.09,0.04,0.97,0.42,0.2046,0.22,0.2767535,0.33735084
0.8,0.83,0.15,0.03,0.42,0.185,0.26,0.8462875,0.313378
0.02,0.09,0.04,0.97,0.26,0.185,0.27,0.2457875,0.30777
0.03,0.04,0.02,0.97,0.24,0.185,0.25,0.2378625,0.294325
0.8,0.01,0.01,0.97,0.24,0.185,0.22,0.8065875,0.328224
0.08,0.04,0.01,0.97,0.24,0.195,0.27,0.2763125,0.30088
0.08,0.04,0.78,0.03,0.26,0.185,0.26,0.2590375,0.22597
0.07,0.03,0.15,0.97,0.42,0.185,0.25,0.3169625,0.344059
0.8,0.83,0.01,0.97,0.08,0.185,0.25,0.8941625,0.391013
0.02,0.83,0.04,0.97,0.08,0.2046,0.25,0.3138785,0.35641584
0.8,0.83,0.04,0.03,0.26,0.2054,0.25,0.8015965,0.27439416
0.02,0.04,0.04,0.97,0.26,0.185,0.27,0.2389125,0.302305
0.03,0.09,0.01,0.03,0.24,0.21,0.22,0.1114,0.1417
0.8,0.04,0.15,0.03,0.42,0.2046,0.26,0.7381035,0.23174284
0.03,0.04,0.01,0.03,0.26,0.2046,0.26,0.1122535,0.14379084
0.07,0.83,0.01,0.03,0.42,0.21,0.27,0.280475,0.265485
0.08,0.04,0.78,0.97,0.26,0.185,0.26,0.3882875,0.385206
0.03,0.83,0.02,0.97,0.26,0.185,0.27,0.3521875,0.387012
0.08,0.01,0.04,0.03,0.24,0.195,0.26,0.1461375,0.140387
0.08,0.01,0.15,0.03,0.42,0.2046,0.25,0.1929035,0.18789484
0.8,0.01,0.04,0.03,0.42,0.2046,0.25,0.7172285,0.21518384
0.07,0.04,0.02,0.97,0.24,0.21,0.27,0.270575,0.305033
0.08,0.03,0.15,0.97,0.26,0.21,0.26,0.2977,0.321264
0.8,0.09,0.04,0.03,0.08,0.2054,0.26,0.6689715,0.16033516
0.02,0.03,0.15,0.97,0.24,0.21,0.27,0.250225,0.315419
0.8,0.09,0.15,0.97,0.42,0.2046,0.26,0.8742285,0.39644384
0.03,0.03,0.15,0.03,0.42,0.195,0.25,0.1579375,0.185043
0.02,0.83,0.15,0.03,0.08,0.185,0.22,0.1966375,0.20072
0.8,0.03,0.02,0.03,0.24,0.2054,0.26,0.6862715,0.18219916
0.03,0.04,0.15,0.97,0.08,0.195,0.26,0.2292875,0.281587
0.03,0.09,0.04,0.03,0.24,0.195,0.25,0.1185625,0.145144
0.07,0.09,0.04,0.03,0.42,0.185,0.25,0.1802875,0.179358
0.8,0.83,0.15,0.97,0.24,0.2046,0.22,0.9397285,0.43786384
0.02,0.01,0.78,0.03,0.42,0.21,0.25,0.2378,0.254776
0.03,0.09,0.04,0.03,0.08,0.185,0.22,0.0867125,0.108361
0.07,0.83,0.04,0.97,0.26,0.195,0.25,0.3831125,0.391272
0.07,0.83,0.78,0.03,0.24,0.2054,0.27,0.3581465,0.31410616
0.08,0.01,0.15,0.03,0.08,0.185,0.22,0.1288875,0.11437
0.8,0.09,0.15,0.97,0.42,0.2054,0.25,0.8731715,0.39537916
0.02,0.09,0.15,0.97,0.26,0.185,0.26,0.2603875,0.318536
0.03,0.03,0.01,0.03,0.08,0.2046,0.27,0.0800035,0.10952084
0.03,0.83,0.78,0.97,0.08,0.2054,0.22,0.4236215,0.43426516
0.8,0.83,0.02,0.03,0.42,0.185,0.22,0.8234625,0.294141
0.03,0.03,0.01,0.03,0.42,0.2054,0.26,0.1392965,0.17349816
0.03,0.01,0.04,0.03,0.24,0.2046,0.26,0.1088535,0.13996484
0.08,0.83,0.04,0.03,0.42,0.195,0.22,0.2865375,0.259419
0.07,0.09,0.15,0.97,0.42,0.185,0.25,0.3252125,0.350617
0.03,0.03,0.15,0.97,0.24,0.185,0.27,0.2571625,0.309955
0.02,0.09,0.78,0.97,0.08,0.2046,0.25,0.3175785,0.35641584
0.8,0.04,0.01,0.03,0.26,0.2054,0.22,0.6854715,0.18099716
0.07,0.01,0.01,0.03,0.42,0.21,0.25,0.165575,0.173345
0.08,0.01,0.02,0.03,0.24,0.21,0.27,0.1447,0.143064
0.03,0.83,0.15,0.03,0.26,0.2054,0.22,0.2365465,0.24060416
0.07,0.09,0.01,0.03,0.08,0.185,0.22,0.1124375,0.107266
0.02,0.01,0.02,0.97,0.08,0.2054,0.22,0.1950715,0.26102516
0.08,0.09,0.04,0.97,0.42,0.195,0.22,0.3140375,0.337773
0.03,0.01,0.04,0.03,0.08,0.185,0.22,0.0757125,0.099617
0.02,0.04,0.15,0.97,0.24,0.185,0.26,0.2499625,0.309245
0.8,0.01,0.02,0.03,0.08,0.21,0.22,0.650925,0.145483
0.02,0.83,0.78,0.97,0.24,0.2054,0.25,0.4477465,0.46809816
0.02,0.04,0.78,0.97,0.42,0.21,0.25,0.371175,0.417291
0.02,0.03,0.78,0.03,0.24,0.195,0.27,0.2104125,0.221436
0.8,0.83,0.15,0.03,0.24,0.2046,0.26,0.8147785,0.28365584
0.08,0.01,0.15,0.97,0.24,0.195,0.27,0.2921375,0.312903
0.07,0.01,0.01,0.03,0.42,0.185,0.22,0.1617875,0.163564
0.08,0.83,0.02,0.03,0.26,0.21,0.25,0.25885,0.234002
0.08,0.83,0.02,0.97,0.26,0.2054,0.26,0.3890715,0.39338916
0.08,0.04,0.02,0.03,0.26,0.195,0.25,0.1498875,0.144049
0.07,0.03,0.01,0.97,0.08,0.2054,0.22,0.2338965,0.26484816
0.8,0.09,0.04,0.97,0.08,0.21,0.27,0.7994,0.321934
0.08,0.03,0.15,0.97,0.24,0.2046,0.26,0.2940285,0.31613984
0.02,0.01,0.78,0.03,0.24,0.21,0.26,0.206925,0.221599
0.8,0.04,0.02,0.03,0.26,0.195,0.27,0.6920375,0.185875
0.08,0.09,0.04,0.97,0.08,0.2046,0.25,0.2571285,0.27880984
0.02,0.04,0.01,0.03,0.42,0.2054,0.27,0.1342465,0.17530216
0.03,0.09,0.15,0.03,0.24,0.21,0.25,0.134575,0.160773
0.07,0.83,0.78,0.03,0.42,0.2046,0.22,0.3847035,0.34206284
0.07,0.01,0.02,0.97,0.26,0.185,0.26,0.2683625,0.298313
0.07,0.03,0.78,0.97,0.08,0.2046,0.26,0.3479035,0.35384484
0.02,0.04,0.78,0.03,0.42,0.2046,0.25,0.2418035,0.25675684
0.02,0.01,0.02,0.03,0.26,0.2046,0.22,0.0977535,0.13603084
0.08,0.04,0.01,0.97,0.24,0.2054,0.26,0.2754715,0.30212316
0.02,0.04,0.78,0.97,0.42,0.2054,0.25,0.3710715,0.41618516
0.03,0.83,0.02,0.97,0.24,0.2054,0.27,0.3490965,0.38809016
0.8,0.03,0.15,0.97,0.42,0.21,0.25,0.865025,0.389927
0.03,0.83,0.01,0.97,0.08,0.2054,0.26,0.3181965,0.35513216
0.08,0.03,0.78,0.03,0.26,0.2054,0.26,0.2581215,0.22978116
0.8,0.09,0.02,0.03,0.08,0.2046,0.27,0.6671785,0.15921384
0.02,0.04,0.04,0.03,0.26,0.2054,0.26,0.1090465,0.14671616
0.02,0.01,0.04,0.97,0.08,0.185,0.26,0.2017625,0.263335
0.02,0.83,0.01,0.97,0.26,0.185,0.25,0.3411125,0.382859
0.8,0.01,0.01,0.97,0.42,0.2046,0.26,0.8432785,0.37239784
0.8,0.04,0.04,0.03,0.42,0.21,0.26,0.72255,0.221018
0.03,0.01,0.04,0.03,0.42,0.2046,0.22,0.1365035,0.16937084
0.8,0.83,0.04,0.97,0.26,0.2046,0.26,0.9319035,0.43469484
0.07,0.03,0.01,0.03,0.26,0.185,0.26,0.1404375,0.14017
0.03,0.03,0.01,0.03,0.08,0.2054,0.22,0.0746465,0.10342816
0.03,0.04,0.15,0.03,0.26,0.2054,0.22,0.1279215,0.15425716
0.8,0.03,0.15,0.97,0.24,0.185,0.26,0.8335875,0.35074
0.02,0.03,0.78,0.03,0.26,0.21,0.27,0.2143,0.228868
0.07,0.83,0.78,0.03,0.26,0.2046,0.22,0.3563035,0.31145484
0.07,0.01,0.04,0.03,0.42,0.2054,0.27,0.1718965,0.17803216
0.07,0.83,0.78,0.97,0.42,0.195,0.22,0.5137375,0.498991
0.02,0.09,0.04,0.03,0.24,0.195,0.27,0.1132125,0.147112
0.02,0.01,0.15,0.97,0.24,0.195,0.25,0.2449875,0.307113
0.8,0.09,0.01,0.03,0.08,0.21,0.25,0.663725,0.156905
0.07,0.03,0.02,0.03,0.42,0.185,0.22,0.1659625,0.166843
0.07,0.09,0.15,0.97,0.24,0.195,0.25,0.2934875,0.318587
0.07,0.04,0.15,0.97,0.08,0.195,0.27,0.2603625,0.285028
0.03,0.01,0.01,0.03,0.08,0.2046,0.25,0.0751035,0.10482084
0.8,0.03,0.04,0.03,0.24,0.21,0.22,0.684925,0.180463
0.8,0.01,0.78,0.97,0.08,0.195,0.27,0.8935125,0.390466
0.08,0.01,0.02,0.97,0.24,0.195,0.27,0.2736125,0.298694
0.03,0.04,0.04,0.97,0.08,0.2046,0.25,0.2127535,0.27061484
0.8,0.03,0.15,0.97,0.24,0.2054,0.26,0.8340465,0.35564416
0.02,0.09,0.04,0.03,0.26,0.195,0.27,0.1167625,0.150938
0.02,0.01,0.15,0.03,0.42,0.2046,0.22,0.1446785,0.18084784
0.08,0.83,0.02,0.97,0.24,0.21,0.27,0.3867,0.391926
0.02,0.03,0.02,0.03,0.26,0.2046,0.25,0.1037285,0.14198784
0.8,0.09,0.04,0.97,0.24,0.2054,0.26,0.8266215,0.35017916
0.07,0.83,0.02,0.97,0.42,0.21,0.25,0.409,0.4233
0.8,0.01,0.78,0.97,0.42,0.195,0.26,0.9527875,0.454251
0.02,0.09,0.01,0.03,0.24,0.2054,0.26,0.1080965,0.14507616
0.8,0.09,0.15,0.97,0.42,0.185,0.26,0.8737875,0.391732
0.08,0.09,0.04,0.03,0.08,0.2046,0.22,0.1246535,0.11580284
0.03,0.04,0.78,0.03,0.08,0.185,0.22,0.1852875,0.183778
0.02,0.03,0.78,0.03,0.24,0.2046,0.25,0.2084785,0.22122984
0.03,0.09,0.04,0.03,0.24,0.21,0.26,0.119975,0.150007
0.08,0.09,0.15,0.03,0.42,0.185,0.26,0.2045375,0.193184
0.03,0.01,0.04,0.97,0.08,0.21,0.26,0.209825,0.269891
0.02,0.09,0.15,0.03,0.26,0.195,0.25,0.1302875,0.160447
0.07,0.01,0.01,0.97,0.24,0.185,0.25,0.2623125,0.292137
0.03,0.09,0.04,0.03,0.26,0.2054,0.22,0.1191215,0.14769916
0.02,0.01,0.78,0.03,0.24,0.2054,0.25,0.2057465,0.21923616
0.07,0.09,0.01,0.97,0.08,0.195,0.25,0.2451375,0.272677
0.02,0.01,0.78,0.97,0.26,0.195,0.26,0.3393875,0.381055
0.07,0.04,0.02,0.03,0.26,0.185,0.25,0.1421625,0.141099
0.03,0.03,0.15,0.03,0.26,0.195,0.27,0.1316875,0.156949
0.03,0.01,0.15,0.97,0.26,0.21,0.25,0.256375,0.315091
0.8,0.01,0.02,0.97,0.24,0.195,0.25,0.8114625,0.335492
0.03,0.83,0.15,0.97,0.08,0.195,0.22,0.3336125,0.362906
0.03,0.04,0.04,0.03,0.42,0.21,0.27,0.146125,0.180233
0.07,0.09,0.04,0.03,0.42,0.21,0.25,0.18085,0.185368
0.8,0.04,0.02,0.97,0.42,0.21,0.26,0.84895,0.378068
0.03,0.83,0.01,0.03,0.42,0.2054,0.25,0.2482215,0.25968116
0.07,0.83,0.02,0.03,0.26,0.21,0.26,0.252425,0.234713
0.8,0.04,0.01,0.03,0.26,0.2046,0.27,0.6908285,0.18708984
0.8,0.03,0.01,0.97,0.08,0.21,0.27,0.786875,0.312097
0.8,0.03,0.02,0.03,0.08,0.2054,0.22,0.6535715,0.14656316
0.8,0.01,0.78,0.97,0.24,0.185,0.22,0.9163125,0.412385
0.8,0.09,0.78,0.03,0.08,0.195,0.27,0.7752625,0.239974
0.8,0.04,0.04,0.03,0.08,0.195,0.22,0.6575625,0.147342
0.8,0.04,0.78,0.03,0.26,0.2046,0.27,0.8005535,0.27125084
0.07,0.04,0.01,0.97,0.24,0.185,0.27,0.2685875,0.29793
0.07,0.83,0.15,0.03,0.26,0.21,0.22,0.26665,0.243894
0.08,0.09,0.78,0.97,0.24,0.2054,0.27,0.3931465,0.39300616
0.07,0.04,0.15,0.97,0.26,0.2046,0.27,0.2925285,0.32176984
0.08,0.01,0.15,0.03,0.26,0.21,0.26,0.1657,0.159842
0.03,0.09,0.02,0.03,0.24,0.21,0.22,0.112825,0.142793
0.08,0.04,0.15,0.03,0.26,0.195,0.27,0.1705625,0.160772
0.8,0.09,0.04,0.03,0.26,0.2054,0.25,0.6998465,0.19351216
0.02,0.04,0.01,0.03,0.42,0.2054,0.26,0.1331715,0.17404516
0.02,0.03,0.15,0.03,0.08,0.2054,0.27,0.0924715,0.12446916
0.02,0.04,0.02,0.97,0.42,0.185,0.22,0.2590875,0.324442
0.07,0.03,0.78,0.97,0.24,0.21,0.22,0.372125,0.380723
0.08,0.03,0.78,0.03,0.26,0.2046,0.25,0.2570285,0.22833184
0.03,0.09,0.78,0.03,0.24,0.185,0.27,0.2259375,0.226136
0.02,0.83,0.04,0.97,0.08,0.2054,0.26,0.3149715,0.35786516
0.8,0.03,0.15,0.03,0.08,0.2054,0.26,0.6763965,0.16580016
0.08,0.04,0.78,0.97,0.26,0.195,0.22,0.3842125,0.382582
0.8,0.01,0.15,0.97,0.26,0.2046,0.27,0.8359035,0.35834884
0.07,0.01,0.78,0.97,0.24,0.2046,0.25,0.3724785,0.38100984
0.08,0.09,0.78,0.97,0.26,0.2046,0.25,0.3945285,0.39412584
0.03,0.83,0.04,0.03,0.26,0.2054,0.26,0.2251715,0.23360916
0.08,0.83,0.04,0.03,0.08,0.2054,0.22,0.2264215,0.19687716
0.02,0.83,0.15,0.97,0.24,0.185,0.27,0.3596625,0.396849
0.03,0.09,0.15,0.97,0.42,0.2046,0.25,0.2956535,0.35314484
0.03,0.09,0.15,0.97,0.26,0.185,0.26,0.2678875,0.319082
0.08,0.83,0.78,0.03,0.42,0.2046,0.26,0.3965035,0.34763684
0.07,0.09,0.02,0.97,0.26,0.21,0.25,0.27885,0.31181
0.8,0.03,0.15,0.03,0.42,0.21,0.27,0.737925,0.233205
0.08,0.01,0.78,0.03,0.26,0.2046,0.25,0.2542785,0.22614584
0.8,0.83,0.78,0.03,0.26,0.21,0.25,0.90715,0.356382
0.02,0.83,0.02,0.03,0.26,0.185,0.22,0.2100625,0.220945
0.02,0.83,0.04,0.03,0.08,0.195,0.26,0.1854875,0.196129
0.8,0.01,0.02,0.97,0.24,0.2046,0.25,0.8116785,0.33779984
0.02,0.03,0.78,0.03,0.08,0.185,0.26,0.1807125,0.187167
0.03,0.04,0.15,0.97,0.08,0.21,0.26,0.229625,0.285193
0.03,0.09,0.01,0.03,0.42,0.185,0.26,0.1470875,0.175152
0.07,0.04,0.78,0.97,0.42,0.2046,0.22,0.4053285,0.41495184
0.02,0.01,0.02,0.97,0.24,0.2046,0.27,0.2288285,0.29772584
0.8,0.03,0.78,0.03,0.08,0.195,0.25,0.7648625,0.230902
0.07,0.04,0.78,0.97,0.26,0.195,0.26,0.3810125,0.387064
0.8,0.09,0.78,0.03,0.08,0.2054,0.26,0.7744215,0.24121716
0.07,0.09,0.01,0.03,0.24,0.2046,0.27,0.1466535,0.14887084
0.07,0.04,0.02,0.97,0.24,0.195,0.25,0.2680875,0.298913
0.03,0.83,0.15,0.97,0.26,0.185,0.25,0.3685625,0.398707
0.8,0.03,0.04,0.97,0.08,0.185,0.22,0.7852125,0.303081
0.08,0.03,0.01,0.97,0.24,0.185,0.26,0.2736375,0.296126
0.07,0.04,0.04,0.97,0.08,0.2054,0.26,0.2438465,0.27424816
0.02,0.83,0.78,0.97,0.26,0.195,0.22,0.4478375,0.465653
0.02,0.83,0.04,0.03,0.42,0.185,0.25,0.2445375,0.25751
0.8,0.09,0.01,0.03,0.42,0.195,0.27,0.7258875,0.220855
0.08,0.03,0.15,0.03,0.24,0.2046,0.27,0.1658535,0.15816084
0.02,0.01,0.78,0.03,0.24,0.2046,0.22,0.2025035,0.21527284
0.08,0.83,0.15,0.03,0.08,0.2054,0.27,0.2474715,0.21518516
0.8,0.03,0.78,0.97,0.24,0.195,0.26,0.9235875,0.422003
0.02,0.04,0.04,0.03,0.24,0.185,0.26,0.1050375,0.137986
0.02,0.03,0.04,0.97,0.42,0.2046,0.22,0.2610035,0.33024684
0.8,0.04,0.15,0.03,0.24,0.21,0.27,0.70735,0.199864
0.03,0.01,0.02,0.03,0.24,0.2046,0.25,0.1049285,0.13652184
0.03,0.01,0.04,0.03,0.26,0.185,0.25,0.1108875,0.137822
0.07,0.03,0.02,0.97,0.24,0.21,0.22,0.263825,0.297655
0.07,0.83,0.04,0.03,0.08,0.185,0.27,0.2238375,0.197712
0.8,0.83,0.02,0.97,0.24,0.195,0.25,0.9242125,0.425118
0.08,0.83,0.78,0.97,0.24,0.185,0.26,0.4933625,0.467727
0.02,0.09,0.04,0.03,0.08,0.185,0.26,0.0835125,0.112843
0.8,0.04,0.15,0.03,0.26,0.195,0.22,0.7051875,0.193799
0.8,0.04,0.04,0.03,0.26,0.2046,0.27,0.6951035,0.19036884
0.07,0.09,0.02,0.03,0.26,0.2046,0.27,0.1516285,0.15378984
0.03,0.09,0.15,0.03,0.26,0.185,0.22,0.1343375,0.154818
0.08,0.04,0.04,0.97,0.26,0.185,0.26,0.2828375,0.304324
0.07,0.04,0.15,0.03,0.08,0.21,0.25,0.1293,0.126884
0.02,0.03,0.78,0.97,0.08,0.195,0.22,0.3058875,0.343779
0.03,0.03,0.78,0.03,0.26,0.21,0.26,0.220725,0.228157
0.08,0.83,0.78,0.97,0.42,0.195,0.22,0.5212375,0.499537
0.8,0.09,0.04,0.03,0.08,0.185,0.25,0.6674375,0.154174
0.08,0.83,0.04,0.03,0.08,0.195,0.25,0.2294125,0.198148
0.07,0.03,0.01,0.97,0.24,0.2046,0.25,0.2655035,0.29903484
0.07,0.83,0.78,0.03,0.08,0.185,0.25,0.3271375,0.27608
0.02,0.03,0.01,0.03,0.26,0.2054,0.26,0.1033965,0.14234416
0.03,0.01,0.02,0.03,0.42,0.185,0.25,0.1364375,0.166244
0.02,0.83,0.78,0.97,0.26,0.2054,0.26,0.4523715,0.47318116
0.8,0.83,0.78,0.03,0.24,0.2054,0.27,0.9056465,0.35396416
0.08,0.04,0.02,0.03,0.26,0.21,0.25,0.150225,0.147655
0.03,0.01,0.15,0.03,0.26,0.21,0.22,0.1239,0.152084
0.07,0.04,0.04,0.97,0.24,0.2046,0.25,0.2711535,0.30340684
0.08,0.03,0.02,0.97,0.08,0.185,0.22,0.2423625,0.261583
0.8,0.83,0.15,0.03,0.24,0.2054,0.27,0.8158715,0.28510516
0.03,0.04,0.78,0.03,0.08,0.185,0.25,0.1885125,0.187549
0.02,0.83,0.04,0.03,0.08,0.21,0.25,0.18475,0.198478
0.02,0.01,0.78,0.97,0.26,0.195,0.25,0.3383125,0.379798
0.03,0.01,0.01,0.03,0.08,0.185,0.27,0.0768125,0.102623
0.8,0.83,0.01,0.03,0.08,0.21,0.27,0.767625,0.240301
0.02,0.04,0.04,0.03,0.42,0.2046,0.27,0.1385035,0.17838884
0.02,0.04,0.02,0.03,0.08,0.2046,0.26,0.0742285,0.10990384
0.08,0.04,0.78,0.97,0.08,0.195,0.22,0.3522625,0.348148
0.03,0.04,0.15,0.03,0.08,0.21,0.26,0.100375,0.125957
0.8,0.83,0.02,0.97,0.08,0.2046,0.27,0.8981785,0.39933184
0.08,0.04,0.01,0.03,0.26,0.2046,0.22,0.1454535,0.14149284
0.08,0.04,0.78,0.97,0.26,0.2046,0.25,0.3876535,0.38866084
0.08,0.04,0.04,0.03,0.08,0.2054,0.25,0.1210215,0.11430116
0.03,0.01,0.04,0.03,0.24,0.2046,0.25,0.1077785,0.13870784
0.08,0.83,0.02,0.03,0.26,0.2046,0.27,0.2608785,0.23521784
0.03,0.01,0.04,0.97,0.24,0.2054,0.22,0.2338215,0.29436516
0.03,0.09,0.78,0.97,0.24,0.195,0.26,0.3543375,0.386519
0.8,0.04,0.01,0.97,0.08,0.2054,0.25,0.7859965,0.30957016
0.07,0.01,0.01,0.03,0.26,0.2054,0.26,0.1381465,0.14288816
0.03,0.03,0.78,0.03,0.08,0.195,0.27,0.1895125,0.191374
0.02,0.01,0.02,0.97,0.24,0.185,0.25,0.2262375,0.2905
0.02,0.83,0.02,0.03,0.08,0.195,0.22,0.1783375,0.188915
0.02,0.09,0.78,0.03,0.08,0.2054,0.25,0.1883465,0.19737216
0.07,0.04,0.02,0.97,0.42,0.2054,0.25,0.3002715,0.33584716
0.02,0.09,0.02,0.03,0.24,0.2054,0.25,0.1084465,0.14491216
0.07,0.04,0.02,0.97,0.08,0.185,0.27,0.2416125,0.268415
0.03,0.09,0.04,0.03,0.08,0.185,0.22,0.0867125,0.108361
0.08,0.01,0.78,0.97,0.26,0.2054,0.22,0.3803215,0.38180316
0.02,0.01,0.78,0.97,0.24,0.195,0.25,0.3347625,0.375972
0.07,0.03,0.15,0.03,0.42,0.185,0.27,0.1898625,0.187337
0.08,0.83,0.15,0.97,0.42,0.195,0.22,0.4314625,0.430678
0.02,0.04,0.02,0.97,0.26,0.185,0.25,0.2339125,0.297605
0.8,0.04,0.04,0.97,0.26,0.2046,0.22,0.8189785,0.34331984
0.02,0.04,0.15,0.97,0.42,0.2046,0.22,0.2780535,0.34336284
0.03,0.83,0.01,0.97,0.24,0.2046,0.26,0.3465785,0.38554784
0.8,0.09,0.04,0.03,0.08,0.195,0.26,0.6687375,0.157835
0.8,0.01,0.01,0.97,0.08,0.185,0.27,0.7835625,0.303901
0.8,0.03,0.04,0.97,0.24,0.2046,0.22,0.8140535,0.33840084
0.03,0.03,0.15,0.03,0.26,0.2046,0.25,0.1297535,0.15674284
0.02,0.03,0.01,0.97,0.42,0.195,0.25,0.2597375,0.328431
0.02,0.01,0.04,0.03,0.24,0.2046,0.27,0.1024285,0.14067584
0.8,0.01,0.15,0.03,0.24,0.2046,0.22,0.6977285,0.18900184
0.07,0.04,0.78,0.97,0.42,0.2046,0.22,0.4053285,0.41495184
0.03,0.04,0.02,0.03,0.08,0.2046,0.22,0.0774285,0.10542184
0.08,0.09,0.01,0.03,0.24,0.21,0.25,0.152125,0.148201
0.08,0.04,0.04,0.97,0.08,0.2054,0.26,0.2513465,0.27479416
0.03,0.04,0.78,0.03,0.08,0.21,0.26,0.19015,0.194816
0.07,0.03,0.04,0.97,0.42,0.185,0.25,0.3012875,0.332036
0.02,0.83,0.15,0.03,0.42,0.2054,0.22,0.2574465,0.27066616
0.8,0.04,0.02,0.97,0.24,0.195,0.22,0.8123625,0.335
0.8,0.04,0.02,0.97,0.24,0.195,0.22,0.8123625,0.335
0.8,0.09,0.78,0.97,0.26,0.195,0.26,0.9353875,0.432387
0.08,0.09,0.02,0.03,0.08,0.185,0.26,0.1256625,0.113933
0.08,0.03,0.02,0.97,0.08,0.2054,0.25,0.2460465,0.27025816
0.07,0.83,0.04,0.03,0.08,0.2054,0.25,0.2221465,0.20010216
0.08,0.09,0.01,0.97,0.08,0.2054,0.25,0.2528715,0.27572316
0.08,0.03,0.15,0.97,0.08,0.2054,0.26,0.2656465,0.28572416
0.08,0.09,0.02,0.03,0.08,0.185,0.26,0.1256625,0.113933
0.02,0.01,0.02,0.03,0.08,0.2054,0.27,0.0711965,0.10807416
0.8,0.09,0.78,0.97,0.26,0.195,0.26,0.9353875,0.432387
0.07,0.03,0.02,0.97,0.26,0.2054,0.22,0.2672715,0.30037516
0.03,0.04,0.78,0.03,0.42,0.185,0.27,0.2510125,0.255105
0.8,0.04,0.04,0.03,0.42,0.2046,0.26,0.7224285,0.21971984
0.8,0.83,0.01,0.97,0.42,0.2046,0.22,0.9517285,0.45699584
0.03,0.09,0.04,0.97,0.42,0.185,0.26,0.2806125,0.337667
0.08,0.01,0.04,0.97,0.24,0.195,0.25,0.2743125,0.298366
0.07,0.09,0.01,0.03,0.24,0.2046,0.25,0.1445035,0.14635684
0.08,0.03,0.02,0.03,0.42,0.21,0.27,0.1794,0.179684
0.08,0.04,0.15,0.97,0.42,0.2046,0.27,0.3284285,0.35292384
0.08,0.03,0.02,0.03,0.26,0.2046,0.27,0.1508785,0.14777784
0.08,0.01,0.02,0.03,0.26,0.2054,0.25,0.1459965,0.14327016
0.8,0.01,0.01,0.03,0.08,0.2054,0.25,0.6526215,0.14705516
0.07,0.04,0.78,0.97,0.24,0.2046,0.27,0.3787535,0.38680284
0.07,0.04,0.01,0.03,0.26,0.21,0.27,0.14345,0.14853
0.08,0.09,0.02,0.97,0.08,0.2046,0.25,0.2542785,0.27662384
0.07,0.83,0.15,0.03,0.42,0.21,0.22,0.29505,0.274502
0.03,0.01,0.78,0.97,0.24,0.2046,0.27,0.3446285,0.38133984
0.8,0.83,0.02,0.97,0.24,0.21,0.26,0.925625,0.429981
0.8,0.01,0.01,0.03,0.26,0.2046,0.26,0.6856285,0.18255384
0.02,0.03,0.01,0.03,0.26,0.2054,0.27,0.1044715,0.14360116
0.8,0.03,0.02,0.97,0.08,0.21,0.27,0.7883,0.31319
0.8,0.04,0.02,0.03,0.08,0.195,0.27,0.6600875,0.151441
0.8,0.03,0.15,0.97,0.24,0.195,0.26,0.8338125,0.353144
0.08,0.03,0.01,0.97,0.24,0.2054,0.27,0.2751715,0.30228716
0.07,0.01,0.02,0.03,0.42,0.2046,0.25,0.1668785,0.17313984
0.08,0.01,0.02,0.03,0.24,0.21,0.22,0.139325,0.136779
0.08,0.83,0.04,0.97,0.24,0.2046,0.25,0.3872785,0.39029984
0.02,0.01,0.01,0.97,0.26,0.21,0.26,0.23,0.3005
0.8,0.09,0.01,0.97,0.24,0.21,0.27,0.823525,0.349263
0.8,0.03,0.01,0.97,0.42,0.185,0.22,0.8412875,0.364844
0.07,0.83,0.01,0.03,0.42,0.2054,0.25,0.2782215,0.26186516
0.8,0.04,0.15,0.97,0.08,0.21,0.27,0.8082,0.328492
0.03,0.01,0.15,0.03,0.42,0.185,0.26,0.1560375,0.18171
0.8,0.83,0.01,0.03,0.42,0.195,0.27,0.8276375,0.301737
0.08,0.04,0.15,0.03,0.24,0.185,0.26,0.1657125,0.153285
0.07,0.09,0.02,0.03,0.42,0.195,0.27,0.1798125,0.18209
0.07,0.83,0.04,0.97,0.24,0.2046,0.27,0.3819285,0.39226784
0.8,0.04,0.01,0.97,0.24,0.195,0.25,0.8141625,0.337678
0.03,0.01,0.04,0.97,0.24,0.2054,0.26,0.2381215,0.29939316
0.07,0.01,0.78,0.97,0.24,0.185,0.25,0.3720375,0.376298
0.8,0.09,0.78,0.03,0.26,0.2054,0.26,0.8063715,0.27565116
0.8,0.09,0.78,0.97,0.42,0.2046,0.22,0.9597035,0.46027484
0.07,0.03,0.78,0.97,0.24,0.2054,0.26,0.3763215,0.38464516
0.02,0.01,0.02,0.03,0.08,0.21,0.26,0.070225,0.107923
0.03,0.01,0.15,0.97,0.08,0.21,0.25,0.224425,0.280657
0.8,0.04,0.04,0.97,0.26,0.185,0.26,0.8228375,0.343636
0.07,0.03,0.78,0.97,0.08,0.185,0.25,0.3463875,0.347876
0.02,0.03,0.02,0.03,0.08,0.195,0.27,0.0737125,0.10776
